Gene,Cluster,Seed_aa,Substructure,Ro_value,Pvalue,FDR
ATM,cluster_3,"[2725, 2765, 2765, 2765]","[2715, 2716, 2717, 2718, 2720, 2758, 2760, 2761, 2763, 2764, 2765, 2766, 2767, 2721, 2722, 2723, 2724, 2725, 2726, 2727, 2728, 2729, 2889, 2890]",5.572001288537462e-07,9.999000099990002e-05,0.001996007984031936
