Gene,Cluster,Seed_aa,Substructure,Ro_value,Pvalue,FDR
ERCC2,cluster_2,"[242, 606, 606, 666, 76, 605, 235]","[44, 48, 79, 209, 233, 234, 235, 236, 237, 238, 457, 458, 459, 460, 210, 213, 239, 240, 241, 242, 243, 244, 245, 246, 538, 599, 600, 601, 602, 603, 604, 605, 606, 607, 662, 663, 666, 608, 609, 610, 661, 664, 665, 667, 668, 669, 74, 75, 76, 77, 78, 80]",5.480484518722422e-12,9.999000099990002e-05,0.001996007984031936
